,QQQM,units bought of QQQM,cumulative QQQM,cost of QQQM,total cost of QQQM,value of QQQM,AGC220121C00015000,units bought of AGC220121C00015000,cumulative AGC220121C00015000,cost of AGC220121C00015000,total cost of AGC220121C00015000,value of AGC220121C00015000,ETH-USD,units bought of ETH-USD,cumulative ETH-USD,cost of ETH-USD,total cost of ETH-USD,value of ETH-USD,total invested,total value
2021-06-14,141.0345001220703,0.0,0.0,0.0,0.0,0.0,1.0,0.0,0.0,0.0,0.0,0.0,2537.89111328125,1.0,1.0,2537.89111328125,2537.89111328125,2537.89111328125,2537.89111328125,2537.89111328125
2021-06-15,140.26406860351562,0.0,0.0,0.0,0.0,0.0,1.0,0.0,0.0,0.0,0.0,0.0,2610.936767578125,0.0,1.0,2537.89111328125,2537.89111328125,2610.936767578125,2537.89111328125,2610.936767578125
2021-06-16,139.70591735839844,0.0,0.0,0.0,0.0,0.0,1.100000023841858,0.0,0.0,0.0,0.0,0.0,2367.66357421875,0.0,1.0,2537.89111328125,2537.89111328125,2367.66357421875,2537.89111328125,2367.66357421875
2021-06-17,141.4700469970703,0.0,0.0,0.0,0.0,0.0,1.100000023841858,0.0,0.0,0.0,0.0,0.0,2372.001953125,0.0,1.0,2537.89111328125,2537.89111328125,2372.001953125,2537.89111328125,2372.001953125
2021-06-18,140.3238525390625,0.0,0.0,0.0,0.0,0.0,1.100000023841858,0.0,0.0,0.0,0.0,0.0,2231.733154296875,0.0,1.0,2537.89111328125,2537.89111328125,2231.733154296875,2537.89111328125,2231.733154296875
2021-06-19,140.3238525390625,0.0,0.0,0.0,0.0,0.0,1.100000023841858,0.0,0.0,0.0,0.0,0.0,2178.4990234375,0.0,1.0,2537.89111328125,2537.89111328125,2178.4990234375,2537.89111328125,2178.4990234375
2021-06-20,140.3238525390625,0.0,0.0,0.0,0.0,0.0,1.100000023841858,0.0,0.0,0.0,0.0,0.0,2246.364501953125,0.0,1.0,2537.89111328125,2537.89111328125,2246.364501953125,2537.89111328125,2246.364501953125
2021-06-21,141.2240447998047,0.0,0.0,0.0,0.0,0.0,1.0,0.0,0.0,0.0,0.0,0.0,1888.447509765625,0.0,1.0,2537.89111328125,2537.89111328125,1888.447509765625,2537.89111328125,1888.447509765625
2021-06-22,142.5513458251953,0.0,0.0,0.0,0.0,0.0,1.0,0.0,0.0,0.0,0.0,0.0,1874.9500732421875,0.0,1.0,2537.89111328125,2537.89111328125,1874.9500732421875,2537.89111328125,1874.9500732421875
2021-06-23,142.5513458251953,0.0,0.0,0.0,0.0,0.0,1.0499999523162842,0.0,0.0,0.0,0.0,0.0,1989.736328125,0.0,1.0,2537.89111328125,2537.89111328125,1989.736328125,2537.89111328125,1989.736328125
2021-06-24,143.4295654296875,0.0,0.0,0.0,0.0,0.0,1.0,0.0,0.0,0.0,0.0,0.0,1988.456298828125,0.0,1.0,2537.89111328125,2537.89111328125,1988.456298828125,2537.89111328125,1988.456298828125
2021-06-25,143.32977294921875,0.0,0.0,0.0,0.0,0.0,1.0499999523162842,0.0,0.0,0.0,0.0,0.0,1813.21728515625,0.0,1.0,2537.89111328125,2537.89111328125,1813.21728515625,2537.89111328125,1813.21728515625
2021-06-26,143.32977294921875,0.0,0.0,0.0,0.0,0.0,1.0499999523162842,0.0,0.0,0.0,0.0,0.0,1829.2392578125,0.0,1.0,2537.89111328125,2537.89111328125,1829.2392578125,2537.89111328125,1829.2392578125
2021-06-27,143.32977294921875,0.0,0.0,0.0,0.0,0.0,1.0499999523162842,0.0,0.0,0.0,0.0,0.0,1978.8946533203125,0.0,1.0,2537.89111328125,2537.89111328125,1978.8946533203125,2537.89111328125,1978.8946533203125
2021-06-28,145.0862274169922,0.0,0.0,0.0,0.0,0.0,1.0,0.0,0.0,0.0,0.0,0.0,2079.657470703125,0.0,1.0,2537.89111328125,2537.89111328125,2079.657470703125,2537.89111328125,2079.657470703125
2021-06-29,145.55528259277344,0.0,0.0,0.0,0.0,0.0,1.0,0.0,0.0,0.0,0.0,0.0,2160.768310546875,0.0,1.0,2537.89111328125,2537.89111328125,2160.768310546875,2537.89111328125,2160.768310546875
2021-06-30,145.4355010986328,0.0,0.0,0.0,0.0,0.0,0.949999988079071,0.0,0.0,0.0,0.0,0.0,2274.547607421875,0.0,1.0,2537.89111328125,2537.89111328125,2274.547607421875,2537.89111328125,2274.547607421875
2021-07-01,145.4355010986328,0.0,0.0,0.0,0.0,0.0,0.9100000262260437,1.0,1.0,0.9100000262260437,0.9100000262260437,0.9100000262260437,2113.60546875,0.0,1.0,2537.89111328125,2537.89111328125,2113.60546875,2538.801113307476,2114.515468776226
2021-07-02,147.0721893310547,0.0,0.0,0.0,0.0,0.0,0.8999999761581421,0.0,1.0,0.9100000262260437,0.9100000262260437,0.8999999761581421,2150.040283203125,0.0,1.0,2537.89111328125,2537.89111328125,2150.040283203125,2538.801113307476,2150.940283179283
2021-07-03,147.0721893310547,0.0,0.0,0.0,0.0,0.0,0.8999999761581421,0.0,1.0,0.9100000262260437,0.9100000262260437,0.8999999761581421,2226.1142578125,0.0,1.0,2537.89111328125,2537.89111328125,2226.1142578125,2538.801113307476,2227.014257788658
2021-07-04,147.0721893310547,0.0,0.0,0.0,0.0,0.0,0.8999999761581421,0.0,1.0,0.9100000262260437,0.9100000262260437,0.8999999761581421,2321.72412109375,0.0,1.0,2537.89111328125,2537.89111328125,2321.72412109375,2538.801113307476,2322.624121069908
2021-07-05,147.0721893310547,0.0,0.0,0.0,0.0,0.0,0.8999999761581421,0.0,1.0,0.9100000262260437,0.9100000262260437,0.8999999761581421,2198.58251953125,0.0,1.0,2537.89111328125,2537.89111328125,2198.58251953125,2538.801113307476,2199.482519507408
2021-07-06,147.6610107421875,0.0,0.0,0.0,0.0,0.0,0.8500000238418579,0.0,1.0,0.9100000262260437,0.9100000262260437,0.8500000238418579,2324.679443359375,0.0,1.0,2537.89111328125,2537.89111328125,2324.679443359375,2538.801113307476,2325.529443383217
2021-07-07,147.95042419433594,0.0,0.0,0.0,0.0,0.0,0.800000011920929,0.0,1.0,0.9100000262260437,0.9100000262260437,0.800000011920929,2315.161865234375,0.0,1.0,2537.89111328125,2537.89111328125,2315.161865234375,2538.801113307476,2315.961865246296
2021-07-08,147.14205932617188,0.0,0.0,0.0,0.0,0.0,0.800000011920929,0.0,1.0,0.9100000262260437,0.9100000262260437,0.800000011920929,2120.0263671875,0.0,1.0,2537.89111328125,2537.89111328125,2120.0263671875,2538.801113307476,2120.826367199421
2021-07-09,148.04022216796875,0.0,0.0,0.0,0.0,0.0,0.75,0.0,1.0,0.9100000262260437,0.9100000262260437,0.75,2146.6923828125,0.0,1.0,2537.89111328125,2537.89111328125,2146.6923828125,2538.801113307476,2147.4423828125
2021-07-10,148.04022216796875,0.0,0.0,0.0,0.0,0.0,0.75,0.0,1.0,0.9100000262260437,0.9100000262260437,0.75,2111.403564453125,0.0,1.0,2537.89111328125,2537.89111328125,2111.403564453125,2538.801113307476,2112.153564453125
2021-07-11,148.04022216796875,0.0,0.0,0.0,0.0,0.0,0.75,0.0,1.0,0.9100000262260437,0.9100000262260437,0.75,2139.664794921875,0.0,1.0,2537.89111328125,2537.89111328125,2139.664794921875,2538.801113307476,2140.414794921875
2021-07-12,148.6490020751953,0.0,0.0,0.0,0.0,0.0,0.75,0.0,1.0,0.9100000262260437,0.9100000262260437,0.75,2036.7210693359375,0.0,1.0,2537.89111328125,2537.89111328125,2036.7210693359375,2538.801113307476,2037.4710693359375
2021-07-13,148.63902282714844,0.0,0.0,0.0,0.0,0.0,0.8500000238418579,0.0,1.0,0.9100000262260437,0.9100000262260437,0.8500000238418579,1940.083984375,0.0,1.0,2537.89111328125,2537.89111328125,1940.083984375,2538.801113307476,1940.9339843988419
2021-07-14,148.8785400390625,0.0,0.0,0.0,0.0,0.0,0.8500000238418579,0.0,1.0,0.9100000262260437,0.9100000262260437,0.8500000238418579,1994.331298828125,0.0,1.0,2537.89111328125,2537.89111328125,1994.331298828125,2538.801113307476,1995.1812988519669
2021-07-15,147.8406524658203,0.0,0.0,0.0,0.0,0.0,0.7400000095367432,0.0,1.0,0.9100000262260437,0.9100000262260437,0.7400000095367432,1911.1756591796875,0.0,1.0,2537.89111328125,2537.89111328125,1911.1756591796875,2538.801113307476,1911.9156591892242
2021-07-16,146.6630401611328,0.0,0.0,0.0,0.0,0.0,0.6000000238418579,0.0,1.0,0.9100000262260437,0.9100000262260437,0.6000000238418579,1880.3829345703125,0.0,1.0,2537.89111328125,2537.89111328125,1880.3829345703125,2538.801113307476,1880.9829345941544
2021-07-17,146.6630401611328,0.0,0.0,0.0,0.0,0.0,0.6000000238418579,0.0,1.0,0.9100000262260437,0.9100000262260437,0.6000000238418579,1898.8251953125,0.0,1.0,2537.89111328125,2537.89111328125,1898.8251953125,2538.801113307476,1899.4251953363419
2021-07-18,146.6630401611328,0.0,0.0,0.0,0.0,0.0,0.6000000238418579,0.0,1.0,0.9100000262260437,0.9100000262260437,0.6000000238418579,1895.5521240234375,0.0,1.0,2537.89111328125,2537.89111328125,1895.5521240234375,2538.801113307476,1896.1521240472794
2021-07-19,145.48541259765625,0.0,0.0,0.0,0.0,0.0,0.6000000238418579,0.0,1.0,0.9100000262260437,0.9100000262260437,0.6000000238418579,1817.296630859375,0.0,1.0,2537.89111328125,2537.89111328125,1817.296630859375,2538.801113307476,1817.8966308832169
2021-07-20,147.1620330810547,0.0,0.0,0.0,0.0,0.0,0.6299999952316284,0.0,1.0,0.9100000262260437,0.9100000262260437,0.6299999952316284,1787.5107421875,0.0,1.0,2537.89111328125,2537.89111328125,1787.5107421875,2538.801113307476,1788.1407421827316
2021-07-21,148.21987915039062,0.0,0.0,0.0,0.0,0.0,0.5,0.0,1.0,0.9100000262260437,0.9100000262260437,0.5,1990.9708251953125,0.0,1.0,2537.89111328125,2537.89111328125,1990.9708251953125,2538.801113307476,1991.4708251953125
2021-07-22,149.2677459716797,0.0,0.0,0.0,0.0,0.0,0.550000011920929,0.0,1.0,0.9100000262260437,0.9100000262260437,0.550000011920929,2025.2027587890625,0.0,1.0,2537.89111328125,2537.89111328125,2025.2027587890625,2538.801113307476,2025.7527588009834
2021-07-23,150.9144287109375,0.0,0.0,0.0,0.0,0.0,0.5,0.0,1.0,0.9100000262260437,0.9100000262260437,0.5,2124.776611328125,0.0,1.0,2537.89111328125,2537.89111328125,2124.776611328125,2538.801113307476,2125.276611328125
2021-07-24,150.9144287109375,0.0,0.0,0.0,0.0,0.0,0.5,0.0,1.0,0.9100000262260437,0.9100000262260437,0.5,2189.21875,0.0,1.0,2537.89111328125,2537.89111328125,2189.21875,2538.801113307476,2189.71875
2021-07-25,150.9144287109375,0.0,0.0,0.0,0.0,0.0,0.5,0.0,1.0,0.9100000262260437,0.9100000262260437,0.5,2191.373779296875,0.0,1.0,2537.89111328125,2537.89111328125,2191.373779296875,2538.801113307476,2191.873779296875
2021-07-26,151.12399291992188,0.0,0.0,0.0,0.0,0.0,0.5,0.0,1.0,0.9100000262260437,0.9100000262260437,0.5,2233.36669921875,0.0,1.0,2537.89111328125,2537.89111328125,2233.36669921875,2538.801113307476,2233.86669921875
2021-07-27,149.49728393554688,0.0,0.0,0.0,0.0,0.0,0.5,0.0,1.0,0.9100000262260437,0.9100000262260437,0.5,2298.33349609375,0.0,1.0,2537.89111328125,2537.89111328125,2298.33349609375,2538.801113307476,2298.83349609375
2021-07-28,150.03619384765625,0.0,0.0,0.0,0.0,0.0,0.5,0.0,1.0,0.9100000262260437,0.9100000262260437,0.5,2296.54541015625,0.0,1.0,2537.89111328125,2537.89111328125,2296.54541015625,2538.801113307476,2297.04541015625
2021-07-29,150.29568481445312,0.0,0.0,0.0,0.0,0.0,0.3499999940395355,0.0,1.0,0.9100000262260437,0.9100000262260437,0.3499999940395355,2380.956787109375,0.0,1.0,2537.89111328125,2537.89111328125,2380.956787109375,2538.801113307476,2381.3067871034145
2021-07-30,149.53720092773438,0.0,0.0,0.0,0.0,0.0,0.3499999940395355,0.0,1.0,0.9100000262260437,0.9100000262260437,0.3499999940395355,2466.96142578125,0.0,1.0,2537.89111328125,2537.89111328125,2466.96142578125,2538.801113307476,2467.3114257752895
2021-07-31,149.53720092773438,0.0,0.0,0.0,0.0,0.0,0.3499999940395355,0.0,1.0,0.9100000262260437,0.9100000262260437,0.3499999940395355,2536.2099609375,0.0,1.0,2537.89111328125,2537.89111328125,2536.2099609375,2538.801113307476,2536.5599609315395
2021-08-01,149.53720092773438,0.0,0.0,0.0,0.0,0.0,0.3499999940395355,0.0,1.0,0.9100000262260437,0.9100000262260437,0.3499999940395355,2561.85205078125,0.0,1.0,2537.89111328125,2537.89111328125,2561.85205078125,2538.801113307476,2562.2020507752895
2021-08-02,149.5272216796875,0.0,0.0,0.0,0.0,0.0,0.550000011920929,0.0,1.0,0.9100000262260437,0.9100000262260437,0.550000011920929,2610.1533203125,0.0,1.0,2537.89111328125,2537.89111328125,2610.1533203125,2538.801113307476,2610.703320324421
2021-08-03,150.43539428710938,0.0,0.0,0.0,0.0,0.0,0.550000011920929,0.0,1.0,0.9100000262260437,0.9100000262260437,0.550000011920929,2502.349609375,0.0,1.0,2537.89111328125,2537.89111328125,2502.349609375,2538.801113307476,2502.899609386921
2021-08-04,150.6649169921875,0.0,0.0,0.0,0.0,0.0,0.550000011920929,0.0,1.0,0.9100000262260437,0.9100000262260437,0.550000011920929,2724.619873046875,0.0,1.0,2537.89111328125,2537.89111328125,2724.619873046875,2538.801113307476,2725.169873058796
2021-08-05,151.6129913330078,0.0,0.0,0.0,0.0,0.0,0.5,0.0,1.0,0.9100000262260437,0.9100000262260437,0.5,2827.328857421875,0.0,1.0,2537.89111328125,2537.89111328125,2827.328857421875,2538.801113307476,2827.828857421875
2021-08-06,150.95433044433594,0.0,0.0,0.0,0.0,0.0,0.44999998807907104,0.0,1.0,0.9100000262260437,0.9100000262260437,0.44999998807907104,2890.941650390625,0.0,1.0,2537.89111328125,2537.89111328125,2890.941650390625,2538.801113307476,2891.391650378704
2021-08-07,150.95433044433594,0.0,0.0,0.0,0.0,0.0,0.44999998807907104,0.0,1.0,0.9100000262260437,0.9100000262260437,0.44999998807907104,3157.23876953125,0.0,1.0,2537.89111328125,2537.89111328125,3157.23876953125,2538.801113307476,3157.688769519329
2021-08-08,150.95433044433594,0.0,0.0,0.0,0.0,0.0,0.44999998807907104,0.0,1.0,0.9100000262260437,0.9100000262260437,0.44999998807907104,3013.732666015625,0.0,1.0,2537.89111328125,2537.89111328125,3013.732666015625,2538.801113307476,3014.182666003704
2021-08-09,151.2337646484375,0.0,0.0,0.0,0.0,0.0,0.47999998927116394,0.0,1.0,0.9100000262260437,0.9100000262260437,0.47999998927116394,3167.856201171875,0.0,1.0,2537.89111328125,2537.89111328125,3167.856201171875,2538.801113307476,3168.336201161146
2021-08-10,150.46533203125,0.0,0.0,0.0,0.0,0.0,0.44999998807907104,0.0,1.0,0.9100000262260437,0.9100000262260437,0.44999998807907104,3141.691162109375,0.0,1.0,2537.89111328125,2537.89111328125,3141.691162109375,2538.801113307476,3142.141162097454
2021-08-11,150.1958770751953,0.0,0.0,0.0,0.0,0.0,0.4000000059604645,0.0,1.0,0.9100000262260437,0.9100000262260437,0.4000000059604645,3164.2451171875,0.0,1.0,2537.89111328125,2537.89111328125,3164.2451171875,2538.801113307476,3164.6451171934605
2021-08-12,150.74476623535156,0.0,0.0,0.0,0.0,0.0,0.4000000059604645,0.0,1.0,0.9100000262260437,0.9100000262260437,0.4000000059604645,3043.414306640625,0.0,1.0,2537.89111328125,2537.89111328125,3043.414306640625,2538.801113307476,3043.8143066465855
2021-08-13,151.2637176513672,0.0,0.0,0.0,0.0,0.0,0.44999998807907104,0.0,1.0,0.9100000262260437,0.9100000262260437,0.44999998807907104,3322.211669921875,0.0,1.0,2537.89111328125,2537.89111328125,3322.211669921875,2538.801113307476,3322.661669909954
2021-08-14,151.2637176513672,0.0,0.0,0.0,0.0,0.0,0.44999998807907104,0.0,1.0,0.9100000262260437,0.9100000262260437,0.44999998807907104,3265.443359375,0.0,1.0,2537.89111328125,2537.89111328125,3265.443359375,2538.801113307476,3265.893359363079
2021-08-15,151.2637176513672,0.0,0.0,0.0,0.0,0.0,0.44999998807907104,0.0,1.0,0.9100000262260437,0.9100000262260437,0.44999998807907104,3310.504150390625,0.0,1.0,2537.89111328125,2537.89111328125,3310.504150390625,2538.801113307476,3310.954150378704
2021-08-16,151.34353637695312,0.0,0.0,0.0,0.0,0.0,0.5,0.0,1.0,0.9100000262260437,0.9100000262260437,0.5,3156.509521484375,1.0,2.0,3156.509521484375,5694.400634765625,6313.01904296875,5695.310634791851,6313.51904296875
2021-08-17,150.00625610351562,0.0,0.0,0.0,0.0,0.0,0.3499999940395355,0.0,1.0,0.9100000262260437,0.9100000262260437,0.3499999940395355,3014.845947265625,0.0,2.0,3156.509521484375,5694.400634765625,6029.69189453125,5695.310634791851,6030.0418945252895
2021-08-18,148.5691680908203,0.0,0.0,0.0,0.0,0.0,0.44999998807907104,0.0,1.0,0.9100000262260437,0.9100000262260437,0.44999998807907104,3020.08984375,0.0,2.0,3156.509521484375,5694.400634765625,6040.1796875,5695.310634791851,6040.629687488079
2021-08-19,149.2677459716797,0.0,0.0,0.0,0.0,0.0,0.44999998807907104,0.0,1.0,0.9100000262260437,0.9100000262260437,0.44999998807907104,3182.7021484375,0.0,2.0,3156.509521484375,5694.400634765625,6365.404296875,5695.310634791851,6365.854296863079
2021-08-20,150.8146209716797,0.0,0.0,0.0,0.0,0.0,0.44999998807907104,0.0,1.0,0.9100000262260437,0.9100000262260437,0.44999998807907104,3286.935302734375,0.0,2.0,3156.509521484375,5694.400634765625,6573.87060546875,5695.310634791851,6574.320605456829
2021-08-21,150.8146209716797,0.0,0.0,0.0,0.0,0.0,0.44999998807907104,0.0,1.0,0.9100000262260437,0.9100000262260437,0.44999998807907104,3226.083984375,0.0,2.0,3156.509521484375,5694.400634765625,6452.16796875,5695.310634791851,6452.617968738079
2021-08-22,150.8146209716797,0.0,0.0,0.0,0.0,0.0,0.44999998807907104,0.0,1.0,0.9100000262260437,0.9100000262260437,0.44999998807907104,3242.115478515625,0.0,2.0,3156.509521484375,5694.400634765625,6484.23095703125,5695.310634791851,6484.680957019329
2021-08-23,153.0500946044922,0.0,0.0,0.0,0.0,0.0,0.25999999046325684,0.0,1.0,0.9100000262260437,0.9100000262260437,0.25999999046325684,3319.25732421875,0.0,2.0,3156.509521484375,5694.400634765625,6638.5146484375,5695.310634791851,6638.774648427963
2021-08-24,153.55905151367188,0.0,0.0,0.0,0.0,0.0,0.3499999940395355,0.0,1.0,0.9100000262260437,0.9100000262260437,0.3499999940395355,3172.456298828125,0.0,2.0,3156.509521484375,5694.400634765625,6344.91259765625,5695.310634791851,6345.2625976502895
2021-08-25,153.64889526367188,0.0,0.0,0.0,0.0,0.0,0.3499999940395355,0.0,1.0,0.9100000262260437,0.9100000262260437,0.3499999940395355,3224.915283203125,0.0,2.0,3156.509521484375,5694.400634765625,6449.83056640625,5695.310634791851,6450.1805664002895
2021-08-26,152.7606964111328,0.0,0.0,0.0,0.0,0.0,0.30000001192092896,0.0,1.0,0.9100000262260437,0.9100000262260437,0.30000001192092896,3100.325439453125,0.0,2.0,3156.509521484375,5694.400634765625,6200.65087890625,5695.310634791851,6200.950878918171
2021-08-27,154.2177276611328,0.0,0.0,0.0,0.0,0.0,0.3799999952316284,0.0,1.0,0.9100000262260437,0.9100000262260437,0.3799999952316284,3270.600830078125,0.0,2.0,3156.509521484375,5694.400634765625,6541.20166015625,5695.310634791851,6541.581660151482
2021-08-28,154.2177276611328,0.0,0.0,0.0,0.0,0.0,0.3799999952316284,0.0,1.0,0.9100000262260437,0.9100000262260437,0.3799999952316284,3244.4033203125,0.0,2.0,3156.509521484375,5694.400634765625,6488.806640625,5695.310634791851,6489.186640620232
2021-08-29,154.2177276611328,0.0,0.0,0.0,0.0,0.0,0.3799999952316284,0.0,1.0,0.9100000262260437,0.9100000262260437,0.3799999952316284,3227.002685546875,0.0,2.0,3156.509521484375,5694.400634765625,6454.00537109375,5695.310634791851,6454.385371088982
2021-08-30,155.9641876220703,0.0,0.0,0.0,0.0,0.0,0.25,0.0,1.0,0.9100000262260437,0.9100000262260437,0.25,3224.374267578125,0.0,2.0,3156.509521484375,5694.400634765625,6448.74853515625,5695.310634791851,6448.99853515625
2021-08-31,155.81451416015625,0.0,0.0,0.0,0.0,0.0,0.4000000059604645,0.0,1.0,0.9100000262260437,0.9100000262260437,0.4000000059604645,3433.732666015625,0.0,2.0,3156.509521484375,5694.400634765625,6867.46533203125,5695.310634791851,6867.8653320372105
2021-09-01,156.09393310546875,0.0,0.0,0.0,0.0,0.0,0.3799999952316284,0.0,1.0,0.9100000262260437,0.9100000262260437,0.3799999952316284,3834.828125,0.0,2.0,3156.509521484375,5694.400634765625,7669.65625,5695.310634791851,7670.036249995232
2021-09-02,156.0340576171875,0.0,0.0,0.0,0.0,0.0,0.3799999952316284,0.0,1.0,0.9100000262260437,0.9100000262260437,0.3799999952316284,3790.989990234375,0.0,2.0,3156.509521484375,5694.400634765625,7581.97998046875,5695.310634791851,7582.359980463982
2021-09-03,156.50311279296875,0.0,0.0,0.0,0.0,0.0,0.4000000059604645,0.0,1.0,0.9100000262260437,0.9100000262260437,0.4000000059604645,3940.61474609375,0.0,2.0,3156.509521484375,5694.400634765625,7881.2294921875,5695.310634791851,7881.6294921934605
2021-09-04,156.50311279296875,0.0,0.0,0.0,0.0,0.0,0.4000000059604645,0.0,1.0,0.9100000262260437,0.9100000262260437,0.4000000059604645,3887.828369140625,0.0,2.0,3156.509521484375,5694.400634765625,7775.65673828125,5695.310634791851,7776.0567382872105
2021-09-05,156.50311279296875,0.0,0.0,0.0,0.0,0.0,0.4000000059604645,0.0,1.0,0.9100000262260437,0.9100000262260437,0.4000000059604645,3952.133544921875,0.0,2.0,3156.509521484375,5694.400634765625,7904.26708984375,5695.310634791851,7904.6670898497105
2021-09-06,156.50311279296875,0.0,0.0,0.0,0.0,0.0,0.4000000059604645,0.0,1.0,0.9100000262260437,0.9100000262260437,0.4000000059604645,3928.37939453125,0.0,2.0,3156.509521484375,5694.400634765625,7856.7587890625,5695.310634791851,7857.1587890684605
2021-09-07,156.72265625,0.0,0.0,0.0,0.0,0.0,0.44999998807907104,0.0,1.0,0.9100000262260437,0.9100000262260437,0.44999998807907104,3426.394287109375,0.0,2.0,3156.509521484375,5694.400634765625,6852.78857421875,5695.310634791851,6853.238574206829
2021-09-08,156.1937255859375,0.0,0.0,0.0,0.0,0.0,0.41999998688697815,0.0,1.0,0.9100000262260437,0.9100000262260437,0.41999998688697815,3497.315185546875,0.0,2.0,3156.509521484375,5694.400634765625,6994.63037109375,5695.310634791851,6995.050371080637
2021-09-09,155.6448516845703,0.0,0.0,0.0,0.0,0.0,0.41999998688697815,0.0,1.0,0.9100000262260437,0.9100000262260437,0.41999998688697815,3427.340087890625,0.0,2.0,3156.509521484375,5694.400634765625,6854.68017578125,5695.310634791851,6855.100175768137
2021-09-10,154.48719787597656,0.0,0.0,0.0,0.0,0.0,0.44999998807907104,0.0,1.0,0.9100000262260437,0.9100000262260437,0.44999998807907104,3211.505859375,0.0,2.0,3156.509521484375,5694.400634765625,6423.01171875,5695.310634791851,6423.461718738079
2021-09-11,154.48719787597656,0.0,0.0,0.0,0.0,0.0,0.44999998807907104,0.0,1.0,0.9100000262260437,0.9100000262260437,0.44999998807907104,3270.278076171875,0.0,2.0,3156.509521484375,5694.400634765625,6540.55615234375,5695.310634791851,6541.006152331829
2021-09-12,154.48719787597656,0.0,0.0,0.0,0.0,0.0,0.44999998807907104,0.0,1.0,0.9100000262260437,0.9100000262260437,0.44999998807907104,3410.134521484375,0.0,2.0,3156.509521484375,5694.400634765625,6820.26904296875,5695.310634791851,6820.719042956829
2021-09-13,154.36741638183594,0.0,0.0,0.0,0.0,0.0,0.5,0.0,1.0,0.9100000262260437,0.9100000262260437,0.5,3285.51171875,0.0,2.0,3156.509521484375,5694.400634765625,6571.0234375,5695.310634791851,6571.5234375
2021-09-14,153.92831420898438,0.0,0.0,0.0,0.0,0.0,0.47999998927116394,0.0,1.0,0.9100000262260437,0.9100000262260437,0.47999998927116394,3429.169677734375,0.0,2.0,3156.509521484375,5694.400634765625,6858.33935546875,5695.310634791851,6858.819355458021
2021-09-15,155.04605102539062,0.0,0.0,0.0,0.0,0.0,0.4000000059604645,-1.0,0.0,-0.4000000059604645,0.5100000202655792,0.0,3615.28271484375,0.0,2.0,3156.509521484375,5694.400634765625,7230.5654296875,5694.910634785891,7230.5654296875
2021-09-16,155.15582275390625,0.0,0.0,0.0,0.0,0.0,0.75,0.0,0.0,-0.4000000059604645,0.5100000202655792,0.0,3571.294921875,0.0,2.0,3156.509521484375,5694.400634765625,7142.58984375,5694.910634785891,7142.58984375
2021-09-17,153.3594512939453,0.0,0.0,0.0,0.0,0.0,0.550000011920929,0.0,0.0,-0.4000000059604645,0.5100000202655792,0.0,3398.538818359375,0.0,2.0,3156.509521484375,5694.400634765625,6797.07763671875,5694.910634785891,6797.07763671875
2021-09-18,153.3594512939453,0.0,0.0,0.0,0.0,0.0,0.550000011920929,0.0,0.0,-0.4000000059604645,0.5100000202655792,0.0,3432.018310546875,0.0,2.0,3156.509521484375,5694.400634765625,6864.03662109375,5694.910634785891,6864.03662109375
2021-09-19,153.3594512939453,0.0,0.0,0.0,0.0,0.0,0.550000011920929,0.0,0.0,-0.4000000059604645,0.5100000202655792,0.0,3329.447998046875,0.0,2.0,3156.509521484375,5694.400634765625,6658.89599609375,5694.910634785891,6658.89599609375
2021-09-20,150.2583770751953,5.0,5.0,751.2918853759766,751.2918853759766,751.2918853759766,0.44999998807907104,0.0,0.0,-0.4000000059604645,0.5100000202655792,0.0,2958.993408203125,0.0,2.0,3156.509521484375,5694.400634765625,5917.98681640625,6446.202520161867,6669.278701782227
2021-09-21,150.30833435058594,0.0,5.0,751.2918853759766,751.2918853759766,751.5416717529297,0.44999998807907104,0.0,0.0,-0.4000000059604645,0.5100000202655792,0.0,2764.43115234375,0.0,2.0,3156.509521484375,5694.400634765625,5528.8623046875,6446.202520161867,6280.40397644043
2021-09-22,151.7270050048828,0.0,5.0,751.2918853759766,751.2918853759766,758.6350250244141,0.44999998807907104,0.0,0.0,-0.4000000059604645,0.5100000202655792,0.0,3077.867919921875,0.0,2.0,3156.509521484375,5694.400634765625,6155.73583984375,6446.202520161867,6914.370864868164
2021-09-23,153.10569763183594,0.0,5.0,751.2918853759766,751.2918853759766,765.5284881591797,0.5,0.0,0.0,-0.4000000059604645,0.5100000202655792,0.0,3155.523681640625,0.0,2.0,3156.509521484375,5694.400634765625,6311.04736328125,6446.202520161867,7076.57585144043
2021-09-24,153.2955322265625,0.0,5.0,751.2918853759766,751.2918853759766,766.4776611328125,0.44999998807907104,0.0,0.0,-0.4000000059604645,0.5100000202655792,0.0,2931.669189453125,0.0,2.0,3156.509521484375,5694.400634765625,5863.33837890625,6446.202520161867,6629.8160400390625
2021-09-25,153.2955322265625,0.0,5.0,751.2918853759766,751.2918853759766,766.4776611328125,0.44999998807907104,0.0,0.0,-0.4000000059604645,0.5100000202655792,0.0,2925.565673828125,0.0,2.0,3156.509521484375,5694.400634765625,5851.13134765625,6446.202520161867,6617.6090087890625
2021-09-26,153.2955322265625,0.0,5.0,751.2918853759766,751.2918853759766,766.4776611328125,0.44999998807907104,0.0,0.0,-0.4000000059604645,0.5100000202655792,0.0,3062.265380859375,0.0,2.0,3156.509521484375,5694.400634765625,6124.53076171875,6446.202520161867,6891.0084228515625
2021-09-27,152.07667541503906,0.0,5.0,751.2918853759766,751.2918853759766,760.3833770751953,0.5,0.0,0.0,-0.4000000059604645,0.5100000202655792,0.0,2934.138916015625,0.0,2.0,3156.509521484375,5694.400634765625,5868.27783203125,6446.202520161867,6628.661209106445
2021-09-28,147.9105987548828,0.0,5.0,751.2918853759766,751.2918853759766,739.5529937744141,0.47999998927116394,0.0,0.0,-0.4000000059604645,0.5100000202655792,0.0,2807.296630859375,0.0,2.0,3156.509521484375,5694.400634765625,5614.59326171875,6446.202520161867,6354.146255493164
2021-09-29,147.5309600830078,0.0,5.0,751.2918853759766,751.2918853759766,737.6548004150391,0.47999998927116394,0.0,0.0,-0.4000000059604645,0.5100000202655792,0.0,2853.143310546875,-2.0,0.0,-5706.28662109375,-11.885986328125,0.0,739.9158990681171,737.6548004150391
2021-09-30,146.9714813232422,0.0,5.0,751.2918853759766,751.2918853759766,734.8574066162109,0.47999998927116394,0.0,0.0,-0.4000000059604645,0.5100000202655792,0.0,3001.678955078125,0.0,0.0,-5706.28662109375,-11.885986328125,0.0,739.9158990681171,734.8574066162109
2021-10-01,147.890625,0.0,5.0,751.2918853759766,751.2918853759766,739.453125,0.4000000059604645,0.0,0.0,-0.4000000059604645,0.5100000202655792,0.0,3307.51611328125,0.0,0.0,-5706.28662109375,-11.885986328125,0.0,739.9158990681171,739.453125
2021-10-02,147.890625,0.0,5.0,751.2918853759766,751.2918853759766,739.453125,0.4000000059604645,0.0,0.0,-0.4000000059604645,0.5100000202655792,0.0,3391.6943359375,0.0,0.0,-5706.28662109375,-11.885986328125,0.0,739.9158990681171,739.453125
2021-10-03,147.890625,0.0,5.0,751.2918853759766,751.2918853759766,739.453125,0.4000000059604645,0.0,0.0,-0.4000000059604645,0.5100000202655792,0.0,3418.358642578125,0.0,0.0,-5706.28662109375,-11.885986328125,0.0,739.9158990681171,739.453125
2021-10-04,144.8734588623047,0.0,5.0,751.2918853759766,751.2918853759766,724.3672943115234,0.4000000059604645,0.0,0.0,-0.4000000059604645,0.5100000202655792,0.0,3380.089111328125,0.0,0.0,-5706.28662109375,-11.885986328125,0.0,739.9158990681171,724.3672943115234
2021-10-05,146.74169921875,0.0,5.0,751.2918853759766,751.2918853759766,733.70849609375,0.4000000059604645,0.0,0.0,-0.4000000059604645,0.5100000202655792,0.0,3518.5185546875,0.0,0.0,-5706.28662109375,-11.885986328125,0.0,739.9158990681171,733.70849609375
2021-10-06,147.7407684326172,0.0,5.0,751.2918853759766,751.2918853759766,738.7038421630859,0.30000001192092896,0.0,0.0,-0.4000000059604645,0.5100000202655792,0.0,3580.56201171875,0.0,0.0,-5706.28662109375,-11.885986328125,0.0,739.9158990681171,738.7038421630859
2021-10-07,149.03953552246094,0.0,5.0,751.2918853759766,751.2918853759766,745.1976776123047,0.30000001192092896,0.0,0.0,-0.4000000059604645,0.5100000202655792,0.0,3587.974853515625,0.0,0.0,-5706.28662109375,-11.885986328125,0.0,739.9158990681171,745.1976776123047
2021-10-08,148.3102264404297,0.0,5.0,751.2918853759766,751.2918853759766,741.5511322021484,0.3499999940395355,0.0,0.0,-0.4000000059604645,0.5100000202655792,0.0,3563.75927734375,0.0,0.0,-5706.28662109375,-11.885986328125,0.0,739.9158990681171,741.5511322021484
2021-10-09,148.3102264404297,0.0,5.0,751.2918853759766,751.2918853759766,741.5511322021484,0.3499999940395355,0.0,0.0,-0.4000000059604645,0.5100000202655792,0.0,3575.716796875,0.0,0.0,-5706.28662109375,-11.885986328125,0.0,739.9158990681171,741.5511322021484
2021-10-10,148.3102264404297,0.0,5.0,751.2918853759766,751.2918853759766,741.5511322021484,0.3499999940395355,0.0,0.0,-0.4000000059604645,0.5100000202655792,0.0,3425.852783203125,0.0,0.0,-5706.28662109375,-11.885986328125,0.0,739.9158990681171,741.5511322021484
2021-10-11,147.18128967285156,0.0,5.0,751.2918853759766,751.2918853759766,735.9064483642578,0.4000000059604645,0.0,0.0,-0.4000000059604645,0.5100000202655792,0.0,3545.35400390625,0.0,0.0,-5706.28662109375,-11.885986328125,0.0,739.9158990681171,735.9064483642578
2021-10-12,146.6817626953125,0.0,5.0,751.2918853759766,751.2918853759766,733.4088134765625,0.4000000059604645,0.0,0.0,-0.4000000059604645,0.5100000202655792,0.0,3492.5732421875,0.0,0.0,-5706.28662109375,-11.885986328125,0.0,739.9158990681171,733.4088134765625
2021-10-13,147.81068420410156,0.0,5.0,751.2918853759766,751.2918853759766,739.0534210205078,0.30000001192092896,0.0,0.0,-0.4000000059604645,0.5100000202655792,0.0,3606.20166015625,0.0,0.0,-5706.28662109375,-11.885986328125,0.0,739.9158990681171,739.0534210205078
2021-10-14,150.54811096191406,0.0,5.0,751.2918853759766,751.2918853759766,752.7405548095703,0.550000011920929,0.0,0.0,-0.4000000059604645,0.5100000202655792,0.0,3786.01416015625,0.0,0.0,-5706.28662109375,-11.885986328125,0.0,739.9158990681171,752.7405548095703
2021-10-15,151.5172119140625,5.0,10.0,757.5860595703125,1508.877944946289,1515.172119140625,0.6000000238418579,0.0,0.0,-0.4000000059604645,0.5100000202655792,0.0,3862.634765625,0.0,0.0,-5706.28662109375,-11.885986328125,0.0,1497.5019586384296,1515.172119140625
2021-10-16,151.5172119140625,0.0,10.0,757.5860595703125,1508.877944946289,1515.172119140625,0.6000000238418579,0.0,0.0,-0.4000000059604645,0.5100000202655792,0.0,3830.382080078125,0.0,0.0,-5706.28662109375,-11.885986328125,0.0,1497.5019586384296,1515.172119140625
2021-10-17,151.5172119140625,0.0,10.0,757.5860595703125,1508.877944946289,1515.172119140625,0.6000000238418579,0.0,0.0,-0.4000000059604645,0.5100000202655792,0.0,3847.1044921875,0.0,0.0,-5706.28662109375,-11.885986328125,0.0,1497.5019586384296,1515.172119140625
2021-10-18,153.02577209472656,0.0,10.0,757.5860595703125,1508.877944946289,1530.2577209472656,0.6000000238418579,0.0,0.0,-0.4000000059604645,0.5100000202655792,0.0,3748.76025390625,0.0,0.0,-5706.28662109375,-11.885986328125,0.0,1497.5019586384296,1530.2577209472656
2021-10-19,154.11474609375,0.0,10.0,757.5860595703125,1508.877944946289,1541.1474609375,0.5400000214576721,0.0,0.0,-0.4000000059604645,0.5100000202655792,0.0,3877.65087890625,0.0,0.0,-5706.28662109375,-11.885986328125,0.0,1497.5019586384296,1541.1474609375
2021-10-20,153.9648895263672,0.0,10.0,757.5860595703125,1508.877944946289,1539.6488952636719,0.44999998807907104,0.0,0.0,-0.4000000059604645,0.5100000202655792,0.0,4155.9921875,0.0,0.0,-5706.28662109375,-11.885986328125,0.0,1497.5019586384296,1539.6488952636719
2021-10-21,154.93397521972656,0.0,10.0,757.5860595703125,1508.877944946289,1549.3397521972656,0.6700000166893005,0.0,0.0,-0.4000000059604645,0.5100000202655792,0.0,4054.32275390625,0.0,0.0,-5706.28662109375,-11.885986328125,0.0,1497.5019586384296,1549.3397521972656
2021-10-22,153.61521911621094,0.0,10.0,757.5860595703125,1508.877944946289,1536.1521911621094,0.8999999761581421,0.0,0.0,-0.4000000059604645,0.5100000202655792,0.0,3970.181884765625,0.0,0.0,-5706.28662109375,-11.885986328125,0.0,1497.5019586384296,1536.1521911621094
2021-10-23,153.61521911621094,0.0,10.0,757.5860595703125,1508.877944946289,1536.1521911621094,0.8999999761581421,0.0,0.0,-0.4000000059604645,0.5100000202655792,0.0,4171.66357421875,0.0,0.0,-5706.28662109375,-11.885986328125,0.0,1497.5019586384296,1536.1521911621094
2021-10-24,153.61521911621094,0.0,10.0,757.5860595703125,1508.877944946289,1536.1521911621094,0.8999999761581421,0.0,0.0,-0.4000000059604645,0.5100000202655792,0.0,4087.903076171875,0.0,0.0,-5706.28662109375,-11.885986328125,0.0,1497.5019586384296,1536.1521911621094
2021-10-25,155.2037353515625,0.0,10.0,757.5860595703125,1508.877944946289,1552.037353515625,1.850000023841858,0.0,0.0,-0.4000000059604645,0.5100000202655792,0.0,4217.876953125,0.0,0.0,-5706.28662109375,-11.885986328125,0.0,1497.5019586384296,1552.037353515625
2021-10-26,155.6233367919922,0.0,10.0,757.5860595703125,1508.877944946289,1556.2333679199219,2.1700000762939453,0.0,0.0,-0.4000000059604645,0.5100000202655792,0.0,4131.10205078125,0.0,0.0,-5706.28662109375,-11.885986328125,0.0,1497.5019586384296,1556.2333679199219
2021-10-27,156.06292724609375,0.0,10.0,757.5860595703125,1508.877944946289,1560.6292724609375,2.200000047683716,0.0,0.0,-0.4000000059604645,0.5100000202655792,0.0,3930.25732421875,0.0,0.0,-5706.28662109375,-11.885986328125,0.0,1497.5019586384296,1560.6292724609375
2021-10-28,157.76132202148438,0.0,10.0,757.5860595703125,1508.877944946289,1577.6132202148438,2.0,0.0,0.0,-0.4000000059604645,0.5100000202655792,0.0,4287.31884765625,0.0,0.0,-5706.28662109375,-11.885986328125,0.0,1497.5019586384296,1577.6132202148438
2021-10-29,158.60052490234375,0.0,10.0,757.5860595703125,1508.877944946289,1586.0052490234375,1.899999976158142,0.0,0.0,-0.4000000059604645,0.5100000202655792,0.0,4414.74658203125,0.0,0.0,-5706.28662109375,-11.885986328125,0.0,1497.5019586384296,1586.0052490234375
2021-10-30,158.60052490234375,0.0,10.0,757.5860595703125,1508.877944946289,1586.0052490234375,1.899999976158142,0.0,0.0,-0.4000000059604645,0.5100000202655792,0.0,4325.650390625,0.0,0.0,-5706.28662109375,-11.885986328125,0.0,1497.5019586384296,1586.0052490234375
2021-10-31,158.60052490234375,0.0,10.0,757.5860595703125,1508.877944946289,1586.0052490234375,1.899999976158142,0.0,0.0,-0.4000000059604645,0.5100000202655792,0.0,4288.07421875,0.0,0.0,-5706.28662109375,-11.885986328125,0.0,1497.5019586384296,1586.0052490234375
2021-11-01,159.07008361816406,0.0,10.0,757.5860595703125,1508.877944946289,1590.7008361816406,1.840000033378601,0.0,0.0,-0.4000000059604645,0.5100000202655792,0.0,4324.626953125,0.0,0.0,-5706.28662109375,-11.885986328125,0.0,1497.5019586384296,1590.7008361816406
2021-11-02,159.7394561767578,0.0,10.0,757.5860595703125,1508.877944946289,1597.3945617675781,1.75,0.0,0.0,-0.4000000059604645,0.5100000202655792,0.0,4584.798828125,0.0,0.0,-5706.28662109375,-11.885986328125,0.0,1497.5019586384296,1597.3945617675781
2021-11-03,161.47781372070312,0.0,10.0,757.5860595703125,1508.877944946289,1614.7781372070312,1.6200000047683716,0.0,0.0,-0.4000000059604645,0.5100000202655792,0.0,4607.19384765625,0.0,0.0,-5706.28662109375,-11.885986328125,0.0,1497.5019586384296,1614.7781372070312
2021-11-04,163.52587890625,0.0,10.0,757.5860595703125,1508.877944946289,1635.2587890625,1.7200000286102295,0.0,0.0,-0.4000000059604645,0.5100000202655792,0.0,4537.32421875,0.0,0.0,-5706.28662109375,-11.885986328125,0.0,1497.5019586384296,1635.2587890625
2021-11-05,163.67575073242188,0.0,10.0,757.5860595703125,1508.877944946289,1636.7575073242188,1.7999999523162842,0.0,0.0,-0.4000000059604645,0.5100000202655792,0.0,4486.2431640625,0.0,0.0,-5706.28662109375,-11.885986328125,0.0,1497.5019586384296,1636.7575073242188
2021-11-06,163.67575073242188,0.0,10.0,757.5860595703125,1508.877944946289,1636.7575073242188,1.7999999523162842,0.0,0.0,-0.4000000059604645,0.5100000202655792,0.0,4521.5810546875,0.0,0.0,-5706.28662109375,-11.885986328125,0.0,1497.5019586384296,1636.7575073242188
2021-11-07,163.67575073242188,0.0,10.0,757.5860595703125,1508.877944946289,1636.7575073242188,1.7999999523162842,0.0,0.0,-0.4000000059604645,0.5100000202655792,0.0,4620.5546875,1.0,1.0,4620.5546875,4608.668701171875,4620.5546875,6118.05664613843,6257.312194824219
2021-11-08,163.46592712402344,0.0,10.0,757.5860595703125,1508.877944946289,1634.6592712402344,1.899999976158142,0.0,0.0,-0.4000000059604645,0.5100000202655792,0.0,4812.08740234375,0.0,1.0,4620.5546875,4608.668701171875,4812.08740234375,6118.05664613843,6446.746673583984
2021-11-09,162.3569793701172,0.0,10.0,757.5860595703125,1508.877944946289,1623.5697937011719,4.300000190734863,0.0,0.0,-0.4000000059604645,0.5100000202655792,0.0,4735.06884765625,0.0,1.0,4620.5546875,4608.668701171875,4735.06884765625,6118.05664613843,6358.638641357422
2021-11-10,159.96922302246094,0.0,10.0,757.5860595703125,1508.877944946289,1599.6922302246094,3.890000104904175,0.0,0.0,-0.4000000059604645,0.5100000202655792,0.0,4636.17431640625,0.0,1.0,4620.5546875,4608.668701171875,4636.17431640625,6118.05664613843,6235.866546630859
2021-11-11,160.39883422851562,0.0,10.0,757.5860595703125,1508.877944946289,1603.9883422851562,4.400000095367432,0.0,0.0,-0.4000000059604645,0.5100000202655792,0.0,4730.38427734375,0.0,1.0,4620.5546875,4608.668701171875,4730.38427734375,6118.05664613843,6334.372619628906
2021-11-12,162.07723999023438,0.0,10.0,757.5860595703125,1508.877944946289,1620.7723999023438,4.0,0.0,0.0,-0.4000000059604645,0.5100000202655792,0.0,4667.115234375,0.0,1.0,4620.5546875,4608.668701171875,4667.115234375,6118.05664613843,6287.887634277344
2021-11-13,162.07723999023438,0.0,10.0,757.5860595703125,1508.877944946289,1620.7723999023438,4.0,0.0,0.0,-0.4000000059604645,0.5100000202655792,0.0,4651.46044921875,0.0,1.0,4620.5546875,4608.668701171875,4651.46044921875,6118.05664613843,6272.232849121094
2021-11-14,162.07723999023438,0.0,10.0,757.5860595703125,1508.877944946289,1620.7723999023438,4.0,0.0,0.0,-0.4000000059604645,0.5100000202655792,0.0,4626.35888671875,0.0,1.0,4620.5546875,4608.668701171875,4626.35888671875,6118.05664613843,6247.131286621094
2021-11-15,162.04727172851562,5.0,15.0,810.2363586425781,2319.114303588867,2430.7090759277344,3.0999999046325684,0.0,0.0,-0.4000000059604645,0.5100000202655792,0.0,4557.50390625,1.0,2.0,4557.50390625,9166.172607421875,9115.0078125,11485.796911031008,11545.716888427734
2021-11-16,163.22616577148438,0.0,15.0,810.2363586425781,2319.114303588867,2448.3924865722656,2.5,0.0,0.0,-0.4000000059604645,0.5100000202655792,0.0,4216.365234375,0.0,2.0,4557.50390625,9166.172607421875,8432.73046875,11485.796911031008,10881.122955322266
2021-11-17,163.27610778808594,0.0,15.0,810.2363586425781,2319.114303588867,2449.141616821289,2.049999952316284,0.0,0.0,-0.4000000059604645,0.5100000202655792,0.0,4287.59375,0.0,2.0,4557.50390625,9166.172607421875,8575.1875,11485.796911031008,11024.329116821289
2021-11-18,164.9545440673828,0.0,15.0,810.2363586425781,2319.114303588867,2474.318161010742,2.0999999046325684,0.0,0.0,-0.4000000059604645,0.5100000202655792,0.0,4000.65087890625,0.0,2.0,4557.50390625,9166.172607421875,8001.3017578125,11485.796911031008,10475.619918823242
2021-11-19,165.91363525390625,0.0,15.0,810.2363586425781,2319.114303588867,2488.7045288085938,2.450000047683716,0.0,0.0,-0.4000000059604645,0.5100000202655792,0.0,4298.306640625,0.0,2.0,4557.50390625,9166.172607421875,8596.61328125,11485.796911031008,11085.317810058594
2021-11-20,165.91363525390625,0.0,15.0,810.2363586425781,2319.114303588867,2488.7045288085938,2.450000047683716,0.0,0.0,-0.4000000059604645,0.5100000202655792,0.0,4409.93115234375,0.0,2.0,4557.50390625,9166.172607421875,8819.8623046875,11485.796911031008,11308.566833496094
2021-11-21,165.91363525390625,0.0,15.0,810.2363586425781,2319.114303588867,2488.7045288085938,2.450000047683716,0.0,0.0,-0.4000000059604645,0.5100000202655792,0.0,4269.73291015625,0.0,2.0,4557.50390625,9166.172607421875,8539.4658203125,11485.796911031008,11028.170349121094
2021-11-22,164.02540588378906,0.0,15.0,810.2363586425781,2319.114303588867,2460.381088256836,2.5799999237060547,0.0,0.0,-0.4000000059604645,0.5100000202655792,0.0,4088.457763671875,0.0,2.0,4557.50390625,9166.172607421875,8176.91552734375,11485.796911031008,10637.296615600586
2021-11-23,163.2361602783203,0.0,15.0,810.2363586425781,2319.114303588867,2448.5424041748047,2.450000047683716,0.0,0.0,-0.4000000059604645,0.5100000202655792,0.0,4340.763671875,0.0,2.0,4557.50390625,9166.172607421875,8681.52734375,11485.796911031008,11130.069747924805
2021-11-24,163.74566650390625,0.0,15.0,810.2363586425781,2319.114303588867,2456.1849975585938,2.1500000953674316,0.0,0.0,-0.4000000059604645,0.5100000202655792,0.0,4239.9814453125,0.0,2.0,4557.50390625,9166.172607421875,8479.962890625,11485.796911031008,10936.147888183594
2021-11-25,163.74566650390625,0.0,15.0,810.2363586425781,2319.114303588867,2456.1849975585938,2.1500000953674316,0.0,0.0,-0.4000000059604645,0.5100000202655792,0.0,4274.7431640625,0.0,2.0,4557.50390625,9166.172607421875,8549.486328125,11485.796911031008,11005.671325683594
2021-11-26,160.6486053466797,0.0,15.0,810.2363586425781,2319.114303588867,2409.7290802001953,2.1500000953674316,0.0,0.0,-0.4000000059604645,0.5100000202655792,0.0,4030.908935546875,0.0,2.0,4557.50390625,9166.172607421875,8061.81787109375,11485.796911031008,10471.546951293945
2021-11-27,160.6486053466797,0.0,15.0,810.2363586425781,2319.114303588867,2409.7290802001953,2.1500000953674316,0.0,0.0,-0.4000000059604645,0.5100000202655792,0.0,4096.912109375,0.0,2.0,4557.50390625,9166.172607421875,8193.82421875,11485.796911031008,10603.553298950195
2021-11-28,160.6486053466797,0.0,15.0,810.2363586425781,2319.114303588867,2409.7290802001953,2.1500000953674316,0.0,0.0,-0.4000000059604645,0.5100000202655792,0.0,4294.45361328125,0.0,2.0,4557.50390625,9166.172607421875,8588.9072265625,11485.796911031008,10998.636306762695
2021-11-29,164.10533142089844,0.0,15.0,810.2363586425781,2319.114303588867,2461.5799713134766,2.25,0.0,0.0,-0.4000000059604645,0.5100000202655792,0.0,4445.10498046875,0.0,2.0,4557.50390625,9166.172607421875,8890.2099609375,11485.796911031008,11351.789932250977
2021-11-30,161.73756408691406,0.0,15.0,810.2363586425781,2319.114303588867,2426.063461303711,1.899999976158142,0.0,0.0,-0.4000000059604645,0.5100000202655792,0.0,4631.47900390625,0.0,2.0,4557.50390625,9166.172607421875,9262.9580078125,11485.796911031008,11689.021469116211
2021-12-01,159.07008361816406,0.0,15.0,810.2363586425781,2319.114303588867,2386.051254272461,0.550000011920929,0.0,0.0,-0.4000000059604645,0.5100000202655792,0.0,4586.990234375,0.0,2.0,4557.50390625,9166.172607421875,9173.98046875,11485.796911031008,11560.031723022461
2021-12-02,160.1590576171875,0.0,15.0,810.2363586425781,2319.114303588867,2402.3858642578125,0.550000011920929,0.0,0.0,-0.4000000059604645,0.5100000202655792,0.0,4511.30224609375,0.0,2.0,4557.50390625,9166.172607421875,9022.6044921875,11485.796911031008,11424.990356445312
2021-12-03,157.39166259765625,0.0,15.0,810.2363586425781,2319.114303588867,2360.8749389648438,0.550000011920929,0.0,0.0,-0.4000000059604645,0.5100000202655792,0.0,4220.7060546875,0.0,2.0,4557.50390625,9166.172607421875,8441.412109375,11485.796911031008,10802.287048339844
2021-12-04,157.39166259765625,0.0,15.0,810.2363586425781,2319.114303588867,2360.8749389648438,0.550000011920929,0.0,0.0,-0.4000000059604645,0.5100000202655792,0.0,4119.58740234375,0.0,2.0,4557.50390625,9166.172607421875,8239.1748046875,11485.796911031008,10600.049743652344
2021-12-05,157.39166259765625,0.0,15.0,810.2363586425781,2319.114303588867,2360.8749389648438,0.550000011920929,0.0,0.0,-0.4000000059604645,0.5100000202655792,0.0,4198.32275390625,0.0,2.0,4557.50390625,9166.172607421875,8396.6455078125,11485.796911031008,10757.520446777344
2021-12-06,158.61050415039062,0.0,15.0,810.2363586425781,2319.114303588867,2379.1575622558594,0.550000011920929,0.0,0.0,-0.4000000059604645,0.5100000202655792,0.0,4358.7373046875,0.0,2.0,4557.50390625,9166.172607421875,8717.474609375,11485.796911031008,11096.63217163086
2021-12-07,163.46592712402344,0.0,15.0,810.2363586425781,2319.114303588867,2451.9889068603516,0.550000011920929,0.0,0.0,-0.4000000059604645,0.5100000202655792,0.0,4315.0615234375,0.0,2.0,4557.50390625,9166.172607421875,8630.123046875,11485.796911031008,11082.111953735352
2021-12-08,164.1453094482422,0.0,15.0,810.2363586425781,2319.114303588867,2462.179641723633,0.550000011920929,0.0,0.0,-0.4000000059604645,0.5100000202655792,0.0,4439.35791015625,0.0,2.0,4557.50390625,9166.172607421875,8878.7158203125,11485.796911031008,11340.895462036133
2021-12-09,161.80751037597656,0.0,15.0,810.2363586425781,2319.114303588867,2427.1126556396484,0.550000011920929,0.0,0.0,-0.4000000059604645,0.5100000202655792,0.0,4119.81591796875,0.0,2.0,4557.50390625,9166.172607421875,8239.6318359375,11485.796911031008,10666.744491577148
2021-12-10,163.49591064453125,0.0,15.0,810.2363586425781,2319.114303588867,2452.4386596679688,0.550000011920929,0.0,0.0,-0.4000000059604645,0.5100000202655792,0.0,3908.49609375,0.0,2.0,4557.50390625,9166.172607421875,7816.9921875,11485.796911031008,10269.430847167969
2021-12-11,163.49591064453125,0.0,15.0,810.2363586425781,2319.114303588867,2452.4386596679688,0.550000011920929,0.0,0.0,-0.4000000059604645,0.5100000202655792,0.0,4084.452392578125,0.0,2.0,4557.50390625,9166.172607421875,8168.90478515625,11485.796911031008,10621.343444824219
2021-12-12,163.49591064453125,0.0,15.0,810.2363586425781,2319.114303588867,2452.4386596679688,0.550000011920929,0.0,0.0,-0.4000000059604645,0.5100000202655792,0.0,4134.453125,0.0,2.0,4557.50390625,9166.172607421875,8268.90625,11485.796911031008,10721.344909667969
2021-12-13,161.1181640625,0.0,15.0,810.2363586425781,2319.114303588867,2416.7724609375,0.550000011920929,0.0,0.0,-0.4000000059604645,0.5100000202655792,0.0,3784.226806640625,0.0,2.0,4557.50390625,9166.172607421875,7568.45361328125,11485.796911031008,9985.22607421875
2021-12-14,159.5196533203125,0.0,15.0,810.2363586425781,2319.114303588867,2392.7947998046875,0.550000011920929,0.0,0.0,-0.4000000059604645,0.5100000202655792,0.0,3745.4404296875,0.0,2.0,4557.50390625,9166.172607421875,7490.880859375,11485.796911031008,9883.675659179688
2021-12-15,162.96640014648438,5.0,20.0,814.8320007324219,3133.946304321289,3259.3280029296875,0.550000011920929,0.0,0.0,-0.4000000059604645,0.5100000202655792,0.0,4018.388671875,0.0,2.0,4557.50390625,9166.172607421875,8036.77734375,12300.62891176343,11296.105346679688
2021-12-16,158.9701690673828,0.0,20.0,814.8320007324219,3133.946304321289,3179.4033813476562,0.550000011920929,0.0,0.0,-0.4000000059604645,0.5100000202655792,0.0,3962.4697265625,0.0,2.0,4557.50390625,9166.172607421875,7924.939453125,12300.62891176343,11104.342834472656
2021-12-17,158.1009979248047,0.0,20.0,814.8320007324219,3133.946304321289,3162.0199584960938,0.550000011920929,0.0,0.0,-0.4000000059604645,0.5100000202655792,0.0,3879.486572265625,0.0,2.0,4557.50390625,9166.172607421875,7758.97314453125,12300.62891176343,10920.993103027344
2021-12-18,158.1009979248047,0.0,20.0,814.8320007324219,3133.946304321289,3162.0199584960938,0.550000011920929,0.0,0.0,-0.4000000059604645,0.5100000202655792,0.0,3960.860107421875,0.0,2.0,4557.50390625,9166.172607421875,7921.72021484375,12300.62891176343,11083.740173339844
2021-12-19,158.1009979248047,0.0,20.0,814.8320007324219,3133.946304321289,3162.0199584960938,0.550000011920929,0.0,0.0,-0.4000000059604645,0.5100000202655792,0.0,3922.592529296875,0.0,2.0,4557.50390625,9166.172607421875,7845.18505859375,12300.62891176343,11007.205017089844
2021-12-20,156.58999633789062,0.0,20.0,814.8320007324219,3133.946304321289,3131.7999267578125,0.550000011920929,0.0,0.0,-0.4000000059604645,0.5100000202655792,0.0,3933.844482421875,0.0,2.0,4557.50390625,9166.172607421875,7867.68896484375,12300.62891176343,10999.488891601562
2021-12-21,160.0,0.0,20.0,814.8320007324219,3133.946304321289,3200.0,0.550000011920929,0.0,0.0,-0.4000000059604645,0.5100000202655792,0.0,4020.260009765625,0.0,2.0,4557.50390625,9166.172607421875,8040.52001953125,12300.62891176343,11240.52001953125
2021-12-22,161.9600067138672,0.0,20.0,814.8320007324219,3133.946304321289,3239.2001342773438,0.550000011920929,0.0,0.0,-0.4000000059604645,0.5100000202655792,0.0,3982.099609375,0.0,2.0,4557.50390625,9166.172607421875,7964.19921875,12300.62891176343,11203.399353027344
2021-12-23,163.25,0.0,20.0,814.8320007324219,3133.946304321289,3265.0,0.550000011920929,0.0,0.0,-0.4000000059604645,0.5100000202655792,0.0,4108.015625,0.0,2.0,4557.50390625,9166.172607421875,8216.03125,12300.62891176343,11481.03125
2021-12-24,163.25,0.0,20.0,814.8320007324219,3133.946304321289,3265.0,0.550000011920929,0.0,0.0,-0.4000000059604645,0.5100000202655792,0.0,4047.98291015625,0.0,2.0,4557.50390625,9166.172607421875,8095.9658203125,12300.62891176343,11360.9658203125
2021-12-25,163.25,0.0,20.0,814.8320007324219,3133.946304321289,3265.0,0.550000011920929,0.0,0.0,-0.4000000059604645,0.5100000202655792,0.0,4093.281005859375,0.0,2.0,4557.50390625,9166.172607421875,8186.56201171875,12300.62891176343,11451.56201171875
2021-12-26,163.25,0.0,20.0,814.8320007324219,3133.946304321289,3265.0,0.550000011920929,0.0,0.0,-0.4000000059604645,0.5100000202655792,0.0,4067.328125,0.0,2.0,4557.50390625,9166.172607421875,8134.65625,12300.62891176343,11399.65625
2021-12-27,165.89999389648438,0.0,20.0,814.8320007324219,3133.946304321289,3317.9998779296875,0.550000011920929,0.0,0.0,-0.4000000059604645,0.5100000202655792,0.0,4037.547607421875,0.0,2.0,4557.50390625,9166.172607421875,8075.09521484375,12300.62891176343,11393.095092773438
2021-12-28,165.19000244140625,0.0,20.0,814.8320007324219,3133.946304321289,3303.800048828125,0.550000011920929,0.0,0.0,-0.4000000059604645,0.5100000202655792,0.0,3800.89306640625,0.0,2.0,4557.50390625,9166.172607421875,7601.7861328125,12300.62891176343,10905.586181640625
2021-12-29,165.14999389648438,0.0,20.0,814.8320007324219,3133.946304321289,3302.9998779296875,0.550000011920929,0.0,0.0,-0.4000000059604645,0.5100000202655792,0.0,3628.53173828125,0.0,2.0,4557.50390625,9166.172607421875,7257.0634765625,12300.62891176343,10560.063354492188
2021-12-30,164.50999450683594,0.0,20.0,814.8320007324219,3133.946304321289,3290.1998901367188,0.550000011920929,0.0,0.0,-0.4000000059604645,0.5100000202655792,0.0,3713.85205078125,0.0,2.0,4557.50390625,9166.172607421875,7427.7041015625,12300.62891176343,10717.903991699219
2021-12-31,163.5500030517578,0.0,20.0,814.8320007324219,3133.946304321289,3271.0000610351562,0.550000011920929,0.0,0.0,-0.4000000059604645,0.5100000202655792,0.0,3682.6328125,0.0,2.0,4557.50390625,9166.172607421875,7365.265625,12300.62891176343,10636.265686035156
2022-01-01,163.5500030517578,0.0,20.0,814.8320007324219,3133.946304321289,3271.0000610351562,0.550000011920929,0.0,0.0,-0.4000000059604645,0.5100000202655792,0.0,3769.697021484375,0.0,2.0,4557.50390625,9166.172607421875,7539.39404296875,12300.62891176343,10810.394104003906
2022-01-02,163.5500030517578,0.0,20.0,814.8320007324219,3133.946304321289,3271.0000610351562,0.550000011920929,0.0,0.0,-0.4000000059604645,0.5100000202655792,0.0,3829.56494140625,0.0,2.0,4557.50390625,9166.172607421875,7659.1298828125,12300.62891176343,10930.129943847656
2022-01-03,165.24000549316406,0.0,20.0,814.8320007324219,3133.946304321289,3304.8001098632812,0.550000011920929,0.0,0.0,-0.4000000059604645,0.5100000202655792,0.0,3761.38037109375,0.0,2.0,4557.50390625,9166.172607421875,7522.7607421875,12300.62891176343,10827.560852050781
2022-01-04,163.07000732421875,0.0,20.0,814.8320007324219,3133.946304321289,3261.400146484375,0.550000011920929,0.0,0.0,-0.4000000059604645,0.5100000202655792,0.0,3794.056640625,0.0,2.0,4557.50390625,9166.172607421875,7588.11328125,12300.62891176343,10849.513427734375
2022-01-05,158.14999389648438,0.0,20.0,814.8320007324219,3133.946304321289,3162.9998779296875,0.550000011920929,0.0,0.0,-0.4000000059604645,0.5100000202655792,0.0,3550.386962890625,0.0,2.0,4557.50390625,9166.172607421875,7100.77392578125,12300.62891176343,10263.773803710938
2022-01-06,157.9600067138672,0.0,20.0,814.8320007324219,3133.946304321289,3159.2001342773438,0.550000011920929,0.0,0.0,-0.4000000059604645,0.5100000202655792,0.0,3418.408203125,0.0,2.0,4557.50390625,9166.172607421875,6836.81640625,12300.62891176343,9996.016540527344
2022-01-07,156.27000427246094,0.0,20.0,814.8320007324219,3133.946304321289,3125.4000854492188,0.550000011920929,0.0,0.0,-0.4000000059604645,0.5100000202655792,0.0,3193.21044921875,0.0,2.0,4557.50390625,9166.172607421875,6386.4208984375,12300.62891176343,9511.820983886719
2022-01-08,156.27000427246094,0.0,20.0,814.8320007324219,3133.946304321289,3125.4000854492188,0.550000011920929,0.0,0.0,-0.4000000059604645,0.5100000202655792,0.0,3091.97265625,0.0,2.0,4557.50390625,9166.172607421875,6183.9453125,12300.62891176343,9309.345397949219
2022-01-09,156.27000427246094,0.0,20.0,814.8320007324219,3133.946304321289,3125.4000854492188,0.550000011920929,0.0,0.0,-0.4000000059604645,0.5100000202655792,0.0,3157.75146484375,0.0,2.0,4557.50390625,9166.172607421875,6315.5029296875,12300.62891176343,9440.903015136719
2022-01-10,156.4199981689453,0.0,20.0,814.8320007324219,3133.946304321289,3128.3999633789062,0.550000011920929,0.0,0.0,-0.4000000059604645,0.5100000202655792,0.0,3083.097900390625,0.0,2.0,4557.50390625,9166.172607421875,6166.19580078125,12300.62891176343,9294.595764160156
2022-01-11,158.61000061035156,0.0,20.0,814.8320007324219,3133.946304321289,3172.2000122070312,0.550000011920929,0.0,0.0,-0.4000000059604645,0.5100000202655792,0.0,3238.111572265625,0.0,2.0,4557.50390625,9166.172607421875,6476.22314453125,12300.62891176343,9648.423156738281
2022-01-12,159.36000061035156,0.0,20.0,814.8320007324219,3133.946304321289,3187.2000122070312,0.550000011920929,0.0,0.0,-0.4000000059604645,0.5100000202655792,0.0,3372.25830078125,0.0,2.0,4557.50390625,9166.172607421875,6744.5166015625,12300.62891176343,9931.716613769531
2022-01-13,155.47000122070312,0.0,20.0,814.8320007324219,3133.946304321289,3109.4000244140625,0.550000011920929,0.0,0.0,-0.4000000059604645,0.5100000202655792,0.0,3248.28857421875,0.0,2.0,4557.50390625,9166.172607421875,6496.5771484375,12300.62891176343,9605.977172851562
2022-01-14,156.27999877929688,5.0,25.0,781.3999938964844,3915.3462982177734,3906.999969482422,0.550000011920929,0.0,0.0,-0.4000000059604645,0.5100000202655792,0.0,3310.00146484375,0.0,2.0,4557.50390625,9166.172607421875,6620.0029296875,13082.028905659914,10527.002899169922
2022-01-15,156.27999877929688,0.0,25.0,781.3999938964844,3915.3462982177734,3906.999969482422,0.550000011920929,0.0,0.0,-0.4000000059604645,0.5100000202655792,0.0,3330.53076171875,0.0,2.0,4557.50390625,9166.172607421875,6661.0615234375,13082.028905659914,10568.061492919922
2022-01-16,156.27999877929688,0.0,25.0,781.3999938964844,3915.3462982177734,3906.999969482422,0.550000011920929,0.0,0.0,-0.4000000059604645,0.5100000202655792,0.0,3330.53076171875,0.0,2.0,4557.50390625,9166.172607421875,6661.0615234375,13082.028905659914,10568.061492919922
